<?xml version="1.0" encoding="UTF-8"?>
<beans xmlns="http://www.springframework.org/schema/beans"
       xmlns:xsi="http://www.w3.org/2001/XMLSchema-instance"
       xmlns:context="http://www.springframework.org/schema/context"
       xmlns:mvc="http://www.springframework.org/schema/mvc"
       xmlns:tx="http://www.springframework.org/schema/tx"
       xsi:schemaLocation="
		http://www.springframework.org/schema/beans
    	http://www.springframework.org/schema/beans/spring-beans.xsd
    	http://www.springframework.org/schema/context
    	http://www.springframework.org/schema/context/spring-context.xsd
    	http://www.springframework.org/schema/mvc
        http://www.springframework.org/schema/mvc/spring-mvc.xsd
		http://www.springframework.org/schema/tx
		http://www.springframework.org/schema/tx/spring-tx.xsd">

    <context:component-scan base-package="com.apbdoo.lab7"/>


    <bean id="dataSource" class="com.mchange.v2.c3p0.ComboPooledDataSource"
          destroy-method="close">
        <property name="driverClass" value="com.mysql.cj.jdbc.Driver"/>
        <property name="jdbcUrl" value="jdbc:mysql://localhost:3306/sales"/>
        <property name="user" value="user_sales"/>
        <property name="password" value="user_sales"/>
        <property name="initialPoolSize" value="2"/>
        <property name="minPoolSize" value="2"/>
        <property name="maxPoolSize" value="10"/>
        <property name="maxIdleTime" value="20000"/>
    </bean>


    <bean id="sessionFactory"
          class="org.springframework.orm.hibernate5.LocalSessionFactoryBean">
        <property name="dataSource" ref="dataSource"/>
        <property name="packagesToScan" value="com.apbdoo.lab7.model"/>
        <property name="hibernateProperties">
            <props>
                <prop key="hibernate.dialect">org.hibernate.dialect.MySQLDialect</prop>
                <prop key="hibernate.show_sql">true</prop>
            </props>
        </property>
    </bean>

    <bean id="transactionManager"
          class="org.springframework.orm.hibernate5.HibernateTransactionManager">
        <property name="sessionFactory" ref="sessionFactory"/>
    </bean>


    <tx:annotation-driven transaction-manager="transactionManager"/>

    <bean class="org.thymeleaf.spring5.view.ThymeleafViewResolver">
        <property name="characterEncoding" value="UTF-8"/>
        <property name="templateEngine">
            <bean class="org.thymeleaf.spring5.SpringTemplateEngine">
                <property name="dialects">
                    <set>
                        <bean class="org.thymeleaf.spring5.dialect.SpringStandardDialect"/>
                    </set>
                </property>
                <property name="templateResolvers">
                    <set>
                        <bean class="org.thymeleaf.templateresolver.ServletContextTemplateResolver">
                            <constructor-arg ref="servletContext"/>
                            <property name="cacheable" value="false"/>
                            <property name="prefix" value="WEB-INF/views/"/>
                            <property name="suffix" value=".html"/>
                            <property name="templateMode" value="HTML5"/>
                        </bean>
                    </set>
                </property>
            </bean>
        </property>
    </bean>


</beans>