<!DOCTYPE hibernate-configuration PUBLIC
        "-//Hibernate/Hibernate Configuration DTD 3.0//EN"
        "http://www.hibernate.org/dtd/hibernate-configuration-3.0.dtd">

<hibernate-configuration>
    <session-factory>
        <property name="connection.driver_class">com.mysql.cj.jdbc.Driver</property>
        <property name="connection.url">jdbc:mysql://localhost:3306/sales</property>
        <property name="connection.username">user_sales</property>
        <property name="connection.password">user_sales</property>
        <property name="connection.pool_size">1</property>
        <property name="dialect">org.hibernate.dialect.MySQLDialect</property>
        <property name="show_sql">true</property>
		<property name="current_session_context_class">thread</property>

    </session-factory>
</hibernate-configuration>